Study area,Scenario,10th Percentile,50th Percentile,90th Percentile
"Medan, Medan Petisah, North Sumatra, Indonesia",261080_VEI3_01,101.6833457111425,138.81821785529402,177.13123009436242
"Medan, Medan Petisah, North Sumatra, Indonesia",261080_VEI3_05,237.4705727000423,325.003140398376,412.9532918066561
"Medan, Medan Petisah, North Sumatra, Indonesia",261080_VEI3_09,505.5232585185573,687.1291610185299,878.9006460990805
"Medan, Medan Petisah, North Sumatra, Indonesia",261080_VEI4_01,102.249245514949,139.35665460937656,177.96877674786344
"Medan, Medan Petisah, North Sumatra, Indonesia",261080_VEI4_05,615.1383512735338,840.5115500630875,1068.9358626092512
"Medan, Medan Petisah, North Sumatra, Indonesia",261080_VEI4_09,3384.1656615081884,4585.211587482339,5910.997339511437
"Medan, Medan Petisah, North Sumatra, Indonesia",261080_VEI5_01,2668.1035976843627,3644.8450127540245,4645.77406959279
"Medan, Medan Petisah, North Sumatra, Indonesia",261080_VEI5_05,19882.596404220672,27136.74984074277,34468.001320171796
